,Name,Rating,Duration,Category,Year,Cast,Synopsis,Link
0,Jumanji: The Next Level,PG-13,123 MINS,"ACTION, COMEDY",2019,"Dwayne Johnson, Kevin Hart, Jack Black",A team of friends returns to Jumanji to rescue one of their own and must brave parts unknown in order to escape the world's most dangerous game.,https://www.starz.com/us/en/movies/jumanji-the-next-level-52161
1,Aliens Vs. Predator: Requiem,R,93 MINS,"ACTION, SCI-FI",2007,"Reiko Aylesworth, Steven Pasquale, John Ortiz","Warring Alien and Predator races descend on a rural Colorado town, where unsuspecting residents must band together for any chance of survival.",https://www.starz.com/us/en/movies/aliens-vs-predator-requiem-39597
2,X2: X-Men United,PG-13,133 MINS,"ACTION, SCI-FI",2003,"Patrick Stewart, Hugh Jackman, Ian McKellen","From Marvel Comics: As Magneto's mutants come close to murdering the president, the military sets up a plan to eradicate Charles Xavier's school - the X-Men now have two foes to conquer!",https://www.starz.com/us/en/movies/x2-x-men-united-49196
3,How High,R,93 MINS,COMEDY,2001,"Cliff ""Method Man"" Smith, Redman, Lark Voorhies","Two Staten Island stoners sprinkle the ashes of a departed buddy into their homegrown pot, and accidentally develop a super-strain weed that makes them smarter - next stop, Harvard!",https://www.starz.com/us/en/movies/how-high-48878
4,Cinderella,PG,105 MINS,"FANTASY, ROMANCE",2015,"Lily James, Richard Madden, Cate Blanchett","In this live-action retelling of Disney's animated classic, young Ella escapes from a life of drudgery by way of a fairy godmother whose magic brings Ella face to face with the prince of her dreams.",https://www.starz.com/us/en/movies/cinderella-25208
5,How High 2,TV-MA,88 MINS,COMEDY,2019,"Lil Yachty , DC Young Fly, Alyssa Goss",A pair of stoners embark on a pot-fueled adventure through Atlanta to find their missing weed.,https://www.starz.com/us/en/movies/how-high-2-71277
6,The Devil You Know,R,116 MINS,DRAMA,2022,"Michael Ealy, Omar Epps, Michael Beach","After a lifetime of trouble, a man has the chance to turn things around with the love and support of his family. As he tries to do right, he finds himself spiraling back into the dark place he overcame.",https://www.starz.com/us/en/movies/the-devil-you-know-67386
7,Hellboy,R,121 MINS,"ACTION, ADVENTURE",2019,"David Harbour, Ian McShane, Milla Jovovich","Legendary half-demon Hellboy encounters an ancient resurrected sorceress who's out to avenge a past betrayal. Caught in a clash, Hellboy becomes hell-bent on stopping her without triggering the end of the world.",https://www.starz.com/us/en/movies/hellboy-64171
8,Home Alone,PG,102 MINS,"COMEDY, FAMILY",1990,"Macaulay Culkin, Joe Pesci, Daniel Stern","The original comedy classic! Little Kevin gets left behind when the family leaves for an overseas Christmas vacation, and finds himself outwitting a pair of bumbling burglars in this slapstick riot!",https://www.starz.com/us/en/movies/home-alone-36024
9,The Hills Have Eyes 2,R,89 MINS,HORROR,2007,"Daniella Alonso, Jacob Vargas, Michael Bailey Smith",A group of National Guard trainees find themselves battling against a vicious group of mutants on their last day of training in the desert.,https://www.starz.com/us/en/movies/the-hills-have-eyes-2-37822
10,Annie,PG,118 MINS,"MUSICAL, FAMILY",2014,"Jamie Foxx, Quvenzhane Wallis, Rose Byrne","A plucky youngster escapes the clutches of her calculating foster mother and charms her way into the heart of a hard-nosed tycoon, who's running for mayor.",https://www.starz.com/us/en/movies/annie-23885
11,The 2nd,TV-MA,93 MINS,"ACTION, SUSPENSE",2020,"Ryan Phillippe, William Katt, Casper Van Dien",A Secret Service agent must save his son and the daughter of a Supreme Court justice from armed terrorists.,https://www.starz.com/us/en/movies/the-2nd-66523
12,Black Ops,TV-MA,103 MINS,"ACTION, HORROR",2019,"Shayne Ward, Bentley Kalu, Samantha Schnitzler","Trapped on a never-ending stairwell, members of a black ops team confront a mysterious and terrifying evil while trying to climb to the top.",https://www.starz.com/us/en/movies/black-ops-68338
13,Home Alone 2: Lost in New York,PG,120 MINS,"COMEDY, FAMILY",1992,"Macaulay Culkin, Joe Pesci, Daniel Stern","Intrepid Kevin finds himself left alone in New York City during Christmas, with enough cash and credit to live it up - but then he encounters the slapstick crooks who are planning a major holiday toy store heist!",https://www.starz.com/us/en/movies/home-alone-2-lost-in-new-york-34893
14,The Last Sentinel,R,94 MINS,"ACTION, SCI-FI",2007,"Keith David, Bokeem Woodbine, Katee Sackhoff","They were the perfect soldiers to protect mankind - until the drone police became the perfect enemy. Tallis, a cyber-enhanced soldier, rescues a rebel beauty and teach her to fight and think like a machine.",https://www.starz.com/us/en/movies/the-last-sentinel-68386
15,Liar Liar,PG-13,86 MINS,"COMEDY, FANTASY",1997,"Jim Carrey, Maura Tierney, Jennifer Tilly",A pathological liar lawyer finds his career turned upside down when he inexplicably cannot physically lie for 24 whole hours.,https://www.starz.com/us/en/movies/liar-liar-47457
16,Charlie's Angels,PG-13,118 MINS,"ACTION, ADVENTURE",2019,"Elizabeth Banks, Kristen Stewart, Naomi Scott","When a systems engineer blows the whistle on a dangerous technology, Charlie's Angels from across the globe are called into action, putting their lives on the line to protect society.",https://www.starz.com/us/en/movies/charlies-angels-52154
17,ParaNorman,PG,92 MINS,"ANIMATED, ADVENTURE",2012,"Leslie Mann, Casey Affleck, Kodi Smit-McPhee","A misunderstood boy takes on ghosts, zombies and grown-ups to save his town from a centuries-old curse.",https://www.starz.com/us/en/movies/paranorman-68588
18,Keep Watching,R,89 MINS,"HORROR, SUSPENSE",2017,"Bella Thorne, Ioan Gruffudd, Chandler Riggs",A family becomes imprisoned in its home by intruders who want to play a game of life and death.,https://www.starz.com/us/en/movies/keep-watching-38740
19,The Exorcism Of God,R,98 MINS,"HORROR, DRAMA",2021,"Joseph Marcell, María Gabriela de Faría, Will Beinbrink","When an American priest is possessed by a devil during an exorcism in Mexico, he proceeds to commit a terrifying act that will have consequences for years to come.",https://www.starz.com/us/en/movies/the-exorcism-of-god-69221
20,The Hurricane Heist,PG-13,102 MINS,"ACTION, SUSPENSE",2018,"Toby Kebbell, Maggie Grace, Ryan Kwanten","The rural town of New Hope, Ala., has a pair of super-sized problems heading its way: There's a hurricane bearing down on the Gulf coastline, and there's a team of mercenaries intent on looting the local treasury facility.",https://www.starz.com/us/en/movies/the-hurricane-heist-67526
21,Lake Placid,R,82 MINS,"ACTION, COMEDY",1999,"Bill Pullman, Bridget Fonda, Oliver Platt","In a remote lake in Maine, something is chewing through animals and humans like never before - an eccentric team assembles to tackle a ravenous 30-foot crocodile in this cult classic horror-comedy.",https://www.starz.com/us/en/movies/lake-placid-47826
22,The Fan,R,116 MINS,"DRAMA, SUSPENSE",1996,"Robert De Niro, Wesley Snipes, Ellen Barkin","As a middle-aged salesman's life unravels, his obsession with a star baseball player turns from fan to fanatical - and ultimately murderous!",https://www.starz.com/us/en/movies/the-fan-10064
23,Stealth,PG-13,120 MINS,"ACTION, ADVENTURE",2005,"Josh Lucas, Jessica Biel, Jamie Foxx",A robot fighter pilot learns combat skills from Navy fliers - but the android quits taking orders and threatens to ignite a global catastrophe!,https://www.starz.com/us/en/movies/stealth-19083
24,Ali,R,156 MINS,"BIOGRAPHY, DRAMA",2001,"Will Smith, Jamie Foxx, Jon Voight","A pivotal decade in the life of heavyweight boxing legend Muhammad Ali - his rise to the top of the sport, his refusal to go to Vietnam, and his comeback fights with Foreman and Frazier.",https://www.starz.com/us/en/movies/ali-37309
25,Aloha,PG-13,104 MINS,"COMEDY, ROMANCE",2015,"Emma Stone, Rachel McAdams, Ivana Milicevic",A military contractor unexpectedly falls for an Air Force officer while reconnecting with an ex.,https://www.starz.com/us/en/movies/aloha-23582
26,Armored,PG-13,88 MINS,"ACTION, CRIME",2009,"Matt Dillon, Jean Reno, Laurence Fishburne",A rookie armored-truck guard is persuaded by his co-workers to join in on a foolproof $42 million heist that promises no violence - but things go wrong in this taut action drama.,https://www.starz.com/us/en/movies/armored-36096
27,A Beautiful Day in the Neighborhood,PG,108 MINS,"DRAMA, BIOGRAPHY",2019,"Tom Hanks, Matthew Rhys, Chris Cooper",Based on the true story of a real-life friendship between Fred Rogers and journalist Tom Junod.,https://www.starz.com/us/en/movies/a-beautiful-day-in-the-neighborhood-52158
28,Meeting Evil,R,89 MINS,"CRIME, DRAMA",2012,"Samuel L. Jackson, Leslie Bibb, Luke Wilson","John is taken on a murder-fueled ride by a mysterious stranger who transforms the weak-willed, disillusioned husband and father into a hero willing to do anything to protect his family.",https://www.starz.com/us/en/movies/meeting-evil-52015
29,Catch .44,R,93 MINS,"ACTION, DRAMA",2011,"Forest Whitaker, Bruce Willis, Malin Akerman",A trio of bad girls look to get right with their crime boss by hijacking a shipment of drugs at a secluded diner - but a seriously crazed hitman will make sure nothing goes as planned!,https://www.starz.com/us/en/movies/catch-44-29602
30,Survive,TV-MA,108 MINS,"ACTION, ADVENTURE",2023,"Sophie Turner, Corey Hawkins, Caroline Goodall","When their plane crashes on a remote snow-covered mountain, Jane and Paul have to fight for their lives as the only remaining survivors. Together they embark on a harrowing journey out of the wilderness.",https://www.starz.com/us/en/movies/survive-69829
31,Farming,R,107 MINS,DRAMA,2018,"Kate Beckinsale, Gugu Mbatha-Raw, Damson Idris","A Nigerian boy, ""farmed out"" by his parents to a white British family, becomes the leader of a skinhead gang.",https://www.starz.com/us/en/movies/farming-66519
32,Arctic,PG-13,98 MINS,"ADVENTURE, DRAMA",2018,"Mads Mikkelsen, Maria Smáradóttir",A man stranded in the Arctic after an airplane crash must decide whether to remain in the relative safety of his makeshift camp or to embark on a deadly trek through the unknown in hopes of making it out alive.,https://www.starz.com/us/en/movies/arctic-57479
33,Motives 2: Retribution,R,93 MINS,"DRAMA, SUSPENSE",2007,"Brian J. White, Vivica A. Fox, Drew Sidora",A man takes matters into his own hands after his wrongfully-convicted brother is murdered in prison.,https://www.starz.com/us/en/movies/motives-2-retribution-50116
34,The Craft: Legacy,PG-13,94 MINS,"DRAMA, FANTASY",2020,"Michelle Monaghan, Cailee Spaeny, Gideon Adlon","An eclectic foursome of aspiring teenage witches get more than they bargained for as they lean into their newfound powers. A sequel to the 1996 film, 'The Craft'.",https://www.starz.com/us/en/movies/the-craft-legacy-62315
35,Night Comes On,TV-MA,86 MINS,DRAMA,2018,"Dominique Fishback, Tatum Marilyn Hall, James McDaniel","Angel LaMere is released from juvenile detention on the eve of her 18th birthday. Haunted by her past, she embarks on a journey with her 10 year-old sister that could destroy their future.",https://www.starz.com/us/en/movies/night-comes-on-65171
36,Head Count,TV-MA,81 MINS,"ACTION, SUSPENSE",2023,"Aaron Jakubenko, Melanie Zanetti, Ryan Kwanten","After escaping prison, Kat's own revolver is pointed to his head by an unknown assailant. As the empty rounds click away, he tries to remember what happened to each bullet.",https://www.starz.com/us/en/movies/head-count-71634
37,White Boy Rick,R,111 MINS,"CRIME, DRAMA",2018,"Matthew McConaughey, Richie Merritt, Bel Powley","The story of teenager Richard Wershe Jr., who became an undercover informant for the FBI during the 1980s and was ultimately arrested for drug-trafficking and sentenced to life in prison.",https://www.starz.com/us/en/movies/white-boy-rick-39635
38,Life,R,108 MINS,"COMEDY, CRIME",1999,"Eddie Murphy, Martin Lawrence, Obba Babatunde","In Depression-era Mississippi, two black men are framed for murder and sentenced to life in prison - and they spend the next 60 years bickering, arguing, and planning their big escape.",https://www.starz.com/us/en/movies/life-38138
39,Waist Deep,R,96 MINS,"ACTION, SUSPENSE",2006,"Tyrese Gibson, Meagan Good, Larenz Tate",An ex-convict collides with members of a street gang after his car is stolen with his son inside.,https://www.starz.com/us/en/movies/waist-deep-44685
40,Casino,R,178 MINS,"CRIME, DRAMA",1995,"Robert De Niro, Sharon Stone, Joe Pesci","An intense, violent tale of how organized crime controlled Las Vegas gambling in the 1970s is told via a mob casino boss, his beautiful but unstable wife, and his hot-headed pal.",https://www.starz.com/us/en/movies/casino-43838
41,Drumline,PG-13,118 MINS,"COMEDY, DRAMA",2002,"Orlando Jones, Zoe Saldana, Nick Cannon","A talented street drummer enters college and the esteemed marching band, but his lack of musical schooling and showoff style don't mesh with the group - can he find the discipline to succeed?",https://www.starz.com/us/en/movies/drumline-38845
42,Proud Mary,R,89 MINS,"ACTION, CRIME",2018,"Taraji P. Henson, Neal McDonough, Xander Berkeley",Mary is a professional assassin who works for a ruthless gangster in Boston. Her desire to save a 12-year-old boy from the streets soon causes an all-out turf war that forces her to take down whoever stands in her way.,https://www.starz.com/us/en/movies/proud-mary-39055
43,The Perfect Guy,PG-13,100 MINS,"DRAMA, ROMANCE",2015,"Michael Ealy, Sanaa Lathan, Morris Chestnut",A woman must use every ounce of strength to turn the tables and outwit a sinister ex-lover.,https://www.starz.com/us/en/movies/the-perfect-guy-25803
44,Bloodshot,PG-13,109 MINS,"ACTION, SCI-FI",2020,"Vin Diesel, Eiza González, Sam Heughan",An unstoppable reanimated soldier embarks on a mission to recover his true memories.,https://www.starz.com/us/en/movies/bloodshot-52193
45,Story Ave,TV-MA,106 MINS,DRAMA,2023,"Asante Blackk, Luis Guzmán, Melvin Gregg",Follows a teenage graffiti artist who ran away from home and holds up an unwary MTA worker in a robbery gone right that would change their lives forever.,https://www.starz.com/us/en/movies/story-ave-71636
46,The Million Dollar Hotel,R,122 MINS,"DRAMA, ART HOUSE",2000,"Jeremy Davies, Mel Gibson, Milla Jovovich","When a media mogul's son purportedly commits suicide by jumping off a roof, an FBI man is sent in to investigate the eccentric residents of the seedy hotel where he lived.",https://www.starz.com/us/en/movies/the-million-dollar-hotel-48827
47,The Northman,R,136 MINS,"ACTION, ADVENTURE",2022,"Alexander Skarsgård, Anya Taylor-Joy, Nicole Kidman","Prince Amleth is on the verge of becoming a man when his father is brutally murdered by his uncle. Two decades later, Amleth is now a Viking who's on a mission to save his mother, kill his uncle and avenge his father.",https://www.starz.com/us/en/movies/the-northman-66004
48,Maleficent,PG,97 MINS,"DRAMA, FAMILY",2014,"Angelina Jolie, Elle Fanning, Juno Temple","Maleficent rises to protect her peaceful forest kingdom from invaders, but a terrible betrayal turns her pure heart to stone and twists her into a creature bent on revenge.",https://www.starz.com/us/en/movies/maleficent-23191
49,When the Bough Breaks,PG-13,107 MINS,"DRAMA, SUSPENSE",2016,"Morris Chestnut, Theo Rossi, Regina Hall","Hired by a professional couple to be a surrogate mother, a psychotic young woman starts to develop a dangerous fixation with the husband.",https://www.starz.com/us/en/movies/when-the-bough-breaks-31545
50,Public Enemies,R,139 MINS,"CRIME, DRAMA",2009,"Johnny Depp, Christian Bale, Billy Crudup","The Feds try to take down notorious American gangsters John Dillinger, Baby Face Nelson and Pretty Boy Floyd during a booming crime wave in the 1930s.",https://www.starz.com/us/en/movies/public-enemies-51409
51,Funny People,R,145 MINS,"COMEDY, DRAMA",2009,"Adam Sandler, Seth Rogen, Jonah Hill","When seasoned comedian George Simmons learns of his terminal health condition, his desire to form a genuine friendship leads him to mentor a budding performer for his opening act.",https://www.starz.com/us/en/movies/funny-people-50264
52,Empire,R,99 MINS,"CRIME, DRAMA",2002,"John Leguizamo, Peter Sarsgaard, Denise Richards",A ruthless Bronx drug dealer has visions of an upscale lifestyle when he invests his money with a shady Wall Street banker - but is he being duped?,https://www.starz.com/us/en/movies/empire-45247
53,Roll Bounce,PG-13,111 MINS,"COMEDY, DRAMA",2005,"Bow Wow, Nick Cannon, Chi McBride","1970s roller-skate jams fuel this coming-of-age comedy as a group of young friends head over to the Sweetwater Roller Rink, where they find their modest talents are no competition for the trick skaters who rule the rink.",https://www.starz.com/us/en/movies/roll-bounce-26064
54,The Devil Has a Name,R,97 MINS,"DRAMA, SUSPENSE",2020,"Kate Bosworth, David Strathairn, Edward James Olmos",A psychotic oil matriarch leaves the whole industry exposed when she attempts to outfight a bullish farmer whose water has been poisoned.,https://www.starz.com/us/en/movies/the-devil-has-a-name-61370
55,Retribution,R,91 MINS,"ACTION, SUSPENSE",2023,"Liam Neeson, Noma Dumezweni, Matthew Modine","While driving with his kids, a man receives a call from an assailant who claims there is a bomb in the car. Unable to exit the vehicle, he must now follow a series of instructions while trying to figure out how to survive.",https://www.starz.com/us/en/movies/retribution-71360
56,The Kill Room,R,97 MINS,"COMEDY, SUSPENSE",2023,"Uma Thurman, Joe Manganiello, Samuel L. Jackson",A hit man teams up with an art dealer for a money-laundering scheme that unwittingly turns him into an avant-garde sensation.,https://www.starz.com/us/en/movies/the-kill-room-71632
57,Navy Seals Vs. Zombies,TV-MA,96 MINS,"ACTION, HORROR",2015,"Ed Quinn, Michael Dudikoff, Rick Fox",A team of Navy SEALS quickly discovers it is facing a growing horde of zombies when it is sent into a city in Louisiana to find the vice president after contact is lost.,https://www.starz.com/us/en/movies/navy-seals-vs-zombies-70852
58,The Black Phone,R,103 MINS,"HORROR, SUSPENSE",2022,"Ethan Hawke, Jeremy Davies, James Ransone","Finney is a 13-year-old boy who's being held captive by a sadistic, masked killer. When a disconnected phone on the wall starts to ring, he soon discovers that he can hear the voices of the murderer's previous victims.",https://www.starz.com/us/en/movies/the-black-phone-64745
59,SuperFly,R,116 MINS,"ACTION, CRIME",2018,"Trevor Jackson, Jason Mitchell, Michael Kenneth Williams",Cocaine kingpin Youngblood Priest hatches a plan for one last score to get out of the game for good.,https://www.starz.com/us/en/movies/superfly-42970
60,Bad Boys For Life,R,124 MINS,"ACTION, COMEDY",2020,"Will Smith, Martin Lawrence, Vanessa Hudgens",Detectives Mike Lowrey and Marcus Burnett team up again for another adventure.,https://www.starz.com/us/en/movies/bad-boys-for-life-50297
61,John Wick: Chapter 4,R,169 MINS,"ACTION, SUSPENSE",2023,"Keanu Reeves, Bill Skarsgård, Donnie Yen","With the price on his head ever increasing, legendary hit man John Wick takes his fight against the High Table global as he seeks out the most powerful players in the underworld, from New York to Paris to Japan to Berlin.",https://www.starz.com/us/en/movies/john-wick-chapter-4-66012
62,7 Seconds,R,96 MINS,"ACTION, SUSPENSE",2005,"Wesley Snipes, Tamzin Outhwaite, Pete Lee-Wilson","When an experienced thief accidentally makes off with a Van Gogh, his partner is kidnapped by gangsters in pursuit of the painting - now the thief must hatch a rescue plan!",https://www.starz.com/us/en/movies/7-seconds-49723
63,Amityville Uprising,R,85 MINS,"HORROR, ACTION",2022,"Mike Ferguson, Micah Fitzgerald, Troy Fromin",A sergeant from the Amityville police department must protect his son from zombies after a chemical explosion at a nearby army base releases toxic gas into the air causing acid rain that reanimates dead bodies.,https://www.starz.com/us/en/movies/amityville-uprising-68737
64,The Island,TV-MA,93 MINS,"DRAMA, ACTION",2023,"Michael Jai White, Jackson Rathbone, Gillian White","When his brother is brutally murdered by a ruthless crime boss, an LAPD officer returns home to his native island to solve the murder and seek revenge.",https://www.starz.com/us/en/movies/the-island-71164
65,Iron Man 3,PG-13,130 MINS,"ACTION, COMIC BOOK BASED",2013,"Robert Downey Jr., Guy Pearce, Gwyneth Paltrow","Marvel superhero Tony Stark uses his ingenuity to fight those who destroyed his private world, and soon goes up against his most powerful enemy yet: the Mandarin.",https://www.starz.com/us/en/movies/iron-man-3-50495
66,Pixels,PG-13,105 MINS,"COMEDY, ACTION",2015,"Adam Sandler, Peter Dinklage, Kevin James",A home-theater installer leads a team of old-school arcade champs and a military specialist in a battle against aliens who base their attacks on 1980s-era video games.,https://www.starz.com/us/en/movies/pixels-23908
67,Smokin' Aces 2: Assassins' Ball,R,86 MINS,"ACTION, COMEDY",2009,"Tom Berenger, Ernie Hudson, Michael Parks",Bloody chaos ensues when a diverse group of killers targets a federal agent.,https://www.starz.com/us/en/movies/smokin-aces-2-assassins-ball-41062
68,Plane,R,107 MINS,"ACTION, SUSPENSE",2023,"Gerard Butler, Mike Colter, Daniella Pineda",A pilot and an accused murderer must save passengers from dangerous rebels on a war-torn island.,https://www.starz.com/us/en/movies/plane-67776
69,Lazarus,TV-MA,105 MINS,"ACTION, SCI-FI",2021,"Sean Riggs, Costas Mandylor, Shane Brolly","Brought back from the dead, a vigilante uses his newfound superpowers to battle an evil organization.",https://www.starz.com/us/en/movies/lazarus-65160
70,Sisu,R,91 MINS,"ACTION, WAR",2023,"Jorma Tommila, Aksel Hennie, Jack Doolan","During the last days of World War II, a solitary prospector crosses paths with Nazis on a scorched-Earth retreat in northern Finland.",https://www.starz.com/us/en/movies/sisu-69500
71,Independence Day,PG-13,144 MINS,"SCI-FI, ACTION",1996,"Will Smith, Bill Pullman, Jeff Goldblum","The U.S. President pilots a jet fighter to help defend the planet against a massive alien invasion! A rousing sci-fi action adventure, Oscar-winner for Best Visual Effects. With Jeff Goldblum, Randy Quaid.",https://www.starz.com/us/en/movies/independence-day-38401
72,Operation Fortune: Ruse de Guerre,R,113 MINS,"ACTION, COMEDY",2023,"Jason Statham, Aubrey Plaza, Cary Elwes",MI6 agent Orson Fortune and his team of operatives recruit one of Hollywood's biggest movie stars to help them on an undercover mission when the sale of a deadly new weapons technology threatens to disrupt the world order.,https://www.starz.com/us/en/movies/operation-fortune-ruse-de-guerre-69298
73,London Heist,R,95 MINS,"ACTION, SUSPENSE",2015,"Craig Fairbrass, James Cosmo, Mem Ferda",A criminal goes on the warpath after his heist money is stolen and his father is murdered.,https://www.starz.com/us/en/movies/london-heist-62696
74,X-Men: The Last Stand,PG-13,104 MINS,"ACTION, SCI-FI",2006,"Hugh Jackman, Alan Cumming, Patrick Stewart",From Marvel Comics: An all-out war looms when the discovery of a cure for mutations draws a line between the followers of Charles Xavier and those of Magneto.,https://www.starz.com/us/en/movies/x-men-the-last-stand-38162
75,You Don't Mess With the Zohan,PG-13,112 MINS,"COMEDY, ACTION",2008,"Adam Sandler, Robert Smigel, John Turturro","An Israeli commando, skilled in the art of self-defense, fakes his own death and moves to New York and pursue his dream - becoming a hairstylist. But complications ensue when he takes on some neighborhood bullies!",https://www.starz.com/us/en/movies/you-dont-mess-with-the-zohan-28918
76,Joy Ride,R,94 MINS,COMEDY,2023,"Ashley Park, Sherry Cola, Stephanie Hsu","Follows four Asian-American friends as they embark on an epic, no-holds-barred journey of bonding, belonging and wild debauchery that reveals the universal truth of what it means to know and love who you are.",https://www.starz.com/us/en/movies/joy-ride-66782
77,The Blackening,R,97 MINS,"COMEDY, HORROR",2023,"Grace Byers, Jermaine Fowler, Antoinette Robertson",Seven Black friends who go away for the weekend only to find themselves trapped in a cabin with a killer who has a vendetta. Will their street smarts and knowledge of horror movies help them stay alive? Probably not.,https://www.starz.com/us/en/movies/the-blackening-69096
78,Just Go With It,PG-13,116 MINS,"COMEDY, ROMANCE",2011,"Adam Sandler, Jennifer Aniston, Nicole Kidman","An unmarried plastic surgeon tells his girlfriend he's divorcing his abusive wife. When she demands to meet the soon-to-be ex, the doc asks his single mom assistant to be his pretend wife - complications ensue!",https://www.starz.com/us/en/movies/just-go-with-it-44132
79,"Me, Myself & Irene",R,116 MINS,COMEDY,2000,"Jim Carrey, Renee Zellweger, Robert Forster","Mild-mannered Charlie, a cop with multiple personality disorder, escorts Irene back to her hometown - and loses his medication on the trip. Soon, Charlie and his aggressive alter ego Hank both fall in love with Irene.",https://www.starz.com/us/en/movies/me-myself-irene-26062
80,Whipped,R,82 MINS,COMEDY,2000,"Amanda Peet, Brian Van Holt, Zorie Barber","In this raw comedy, three buddies who meet every week to discuss and describe their sexual conquests discover they are all seeing the same woman - setting off a wild competition to win her affections!",https://www.starz.com/us/en/movies/whipped-68461
81,50 First Dates,PG-13,99 MINS,"COMEDY, DRAMA",2004,"Adam Sandler, Drew Barrymore, Rob Schneider",A commitment-averse man finds the love of his life - but her short-term memory condition means she forgets about him every morning! Can the man keep the girl falling in love with him every day?,https://www.starz.com/us/en/movies/50-first-dates-48991
82,Ice Age: The Meltdown,PG,90 MINS,"ANIMATED, COMEDY",2006,"Ray Romano, John Leguizamo, Denis Leary","When Manny, Sid and Diego discover that miles of melted ice will soon flood their valley, they must warn everyone and figure out a way to escape the coming deluge.",https://www.starz.com/us/en/movies/ice-age-the-meltdown-31168
83,Big Daddy,PG-13,93 MINS,"COMEDY, DRAMA",1999,"Adam Sandler, Joey Lauren Adams, Jon Stewart","A lazy law-school grad adopts a kid to impress his girlfriend, but everything doesn't go as planned and he becomes the unlikely foster father.",https://www.starz.com/us/en/movies/big-daddy-52017
84,The House Next Door: Meet The Blacks 2,R,97 MINS,"COMEDY, HORROR",2021,"Mike Epps, Katt Williams, Snoop Dogg","After moving back to his old neighborhood, a struggling writer can't seem to concentrate on his work knowing there may be an actual vampire living next door.",https://www.starz.com/us/en/movies/the-house-next-door-meet-the-blacks-2-64403
85,Three Can Play That Game,R,90 MINS,"COMEDY, ROMANCE",2008,"Vivica A. Fox, Jason George, Jazsmin Lewis","In the sequel to Two Can Play that Game, Fox once again stars as Shante Smith, a relationship expert who uses her knowledge of the male psyche to help women get what they want.",https://www.starz.com/us/en/movies/three-can-play-that-game-10490
86,Bulletproof,R,84 MINS,"ACTION, COMEDY",1996,"Damon Wayans, Adam Sandler, James Caan",A pair of crooks end their partnership when one is outed as an undercover cop. But--years later--they reluctantly team up again to track down a murderous drug dealer in this action-comedy.,https://www.starz.com/us/en/movies/bulletproof-40044
87,30 Minutes Or Less,R,83 MINS,"COMEDY, ACTION",2011,"Jesse Eisenberg, Danny McBride, Aziz Ansari","Two losers decide crime can pay - so they strap a bomb to a hapless pizza delivery guy and tell him to rob a bank in this raunchy, action-packed comedy!",https://www.starz.com/us/en/movies/30-minutes-or-less-45110
88,Meet The Blacks,R,94 MINS,"HORROR, COMEDY",2016,"Mike Epps, Gary Owen, Zulay Henao","A man moves his family to Beverly Hills on the same day of the city's annual purge, when all crime is legal for 12 hours.",https://www.starz.com/us/en/movies/meet-the-blacks-45045
89,Like Mike,PG,100 MINS,"FAMILY, COMEDY",2002,"Jesse Plemons, Morris Chestnut, Jonathan Lipnicki","A 14-year-old orphan becomes an NBA superstar after trying on a pair of sneakers with the faded initials ""M.J."" on the inside.",https://www.starz.com/us/en/movies/like-mike-37767
90,Can You Keep a Secret?,TV-MA,94 MINS,"COMEDY, ROMANCE",2019,"Alexandra Daddario, Tyler Hoechlin, Kimiko Glenn","Thinking they're about to crash, Emma spills her secrets to a stranger on a plane. At least, she thought he was a stranger...Until she later meets Jack, her company's young CEO.",https://www.starz.com/us/en/movies/can-you-keep-a-secret-64183
91,Sabotage,R,109 MINS,"ACTION, CRIME",2014,"Arnold Schwarzenegger, Sam Worthington, Terrence Howard",Members of an elite DEA task force are eliminated one by one following their successful robbery of a powerful drug cartel's safe house.,https://www.starz.com/us/en/movies/sabotage-50620
92,Cold Skin,TV-MA,106 MINS,"HORROR, SCI-FI",2017,"Ray Stevenson, David Oakes, Aura Garrido","A young man arrives on a desolate island to assume the post of weather observer. He finds no trace of the man he was sent to replace, just a deranged castaway who has witnessed a horror he refuses to name.",https://www.starz.com/us/en/movies/cold-skin-65156
93,State of Play,PG-13,127 MINS,"CRIME, DRAMA",2009,"Russell Crowe, Jason Bateman, Helen Mirren",A member of parliament and his former campaign manager-turned journalist find themselves on opposite sides after the parliamentarian's research assistant/mistress turns up dead.,https://www.starz.com/us/en/movies/state-of-play-50003
94,Get the Gringo,R,96 MINS,"ACTION, SUSPENSE",2012,"Mel Gibson, Peter Stormare, Dean Norris",A career criminal nabbed by Mexican authorities is placed in a tough prison where he learns to survive with the help of a young boy.,https://www.starz.com/us/en/movies/get-the-gringo-65163
95,Blame,TV-MA,99 MINS,"DRAMA, SUSPENSE",2017,"Quinn Shephard, Chris Messina, Nadia Alexander","A substitute drama teacher at a suburban high school develops a taboo relationship with an unstable student, sparking a trail of jealous sabotage from the student's peers.",https://www.starz.com/us/en/movies/blame-65076
96,Man Of The Year,PG-13,114 MINS,"COMEDY, DRAMA",2006,"Robin Williams, Christopher Walken, Laura Linney","A comedian who hosts a news satire program decides to run for president, and a computerized voting machine malfunction gets him elected.",https://www.starz.com/us/en/movies/man-of-the-year-60346
97,The Exorcist III,R,110 MINS,"HORROR, MYSTERY",1990,"George C. Scott, Ed Flanders, Brad Dourif",A police detective investigates bizarre ritualistic murders that bear more than passing resemblance to those of an executed killer.,https://www.starz.com/us/en/movies/the-exorcist-iii-47017
98,CBGB,R,102 MINS,"DRAMA, TRUE STORY",2013,"Alan Rickman, Malin Akerman, Justin Bartha","Hilly Kristal had a dream - to open a country/bluegrass music spot in NYC. But his club, CBGB, became the birthplace of 70s punk when Blondie, the Ramones, Talking Heads and The Police launched their careers there.",https://www.starz.com/us/en/movies/cbgb-65068
99,Plan C,TV-14,94 MINS,DOCUMENTARY,2023,"Francine Coeytaux, Loretta J. Ross",Follow a hidden grassroots organization as it doggedly fights to expand access to abortion pills across the United States keeping hope alive during a global pandemic and the fall of Roe v. Wade.,https://www.starz.com/us/en/movies/plan-c-71240
100,Speed,R,116 MINS,"ACTION, SUSPENSE",1994,"Keanu Reeves, Sandra Bullock, Dennis Hopper","Rush hour will never be the same! A SWAT team ace must keep the speed of a Santa Monica bus above 50 mph, or a madman's bomb will explode.",https://www.starz.com/us/en/movies/speed-47573
101,The Karate Kid,PG,140 MINS,"ACTION, DRAMA",2010,"Jaden Smith, Jackie Chan, Taraji P. Henson","A 12-year-old boy from Detroit lands in China with his mom, falls for a local girl, and immediately makes enemies - then meets kung fu master Mr. Han, who will teach him martial arts. A fun, energetic remake!",https://www.starz.com/us/en/movies/the-karate-kid-39729
102,Passengers,PG-13,116 MINS,"ADVENTURE, ROMANCE",2016,"Jennifer Lawrence, Chris Pratt, Michael Sheen","A spacecraft traveling to a distant colony planet and transporting thousands of people has a malfunction in its sleep chambers. As a result, two passengers are awakened 90 years early.",https://www.starz.com/us/en/movies/passengers-29368
103,Beyond the Lights,PG-13,116 MINS,"ROMANCE, DRAMA",2014,"Gugu Mbatha-Raw, Nate Parker, Danny Glover",A local police officer saves the life of a singer on the edge in more ways than one in this enchanting romantic drama.,https://www.starz.com/us/en/movies/beyond-the-lights-50803
104,The Karate Kid Part II,PG,113 MINS,"ACTION, DRAMA",1986,"Noriyuki ""Pat"" Morita, Ralph Macchio, Pat Morita","Daniel travels with martial arts mentor Mr. Myagi to Okinawa, where both must settle scores with rivals in this high-kicking sequel.",https://www.starz.com/us/en/movies/the-karate-kid-part-ii-6409
105,Planet of the Apes,G,112 MINS,"SCI-FI, DRAMA",1968,"Charlton Heston, Roddy McDowall, Kim Hunter","The original classic! Astronauts crash land on a future planet where apes are masters and humans are slaves. Oscar winner for Makeup Effects. ""Get your stinking paws off me, you damn dirty ape!""",https://www.starz.com/us/en/movies/planet-of-the-apes-46406
106,All The Money In The World,R,132 MINS,"BIOGRAPHY, CRIME",2017,"Mark Wahlberg, Timothy Hutton, Christopher Plummer","The story of the kidnapping of John Paul Getty III in the 1970s, and the desperate attempt by his mother to convince his billionaire grandfather, Jean Paul Getty, to pay the ransom.",https://www.starz.com/us/en/movies/all-the-money-in-the-world-39714
107,Zero Dark Thirty,R,157 MINS,"DRAMA, TRUE STORY",2012,"Jessica Chastain, Mark Strong, Joel Edgerton","The decade-long hunt for Osama Bin Laden is depicted - the controversial interrogations, dead ends, and puzzling clues are pieced together, leading to a gripping raid in Pakistan. Oscar winner for Best Editing.",https://www.starz.com/us/en/movies/zero-dark-thirty-50502
108,The Thin Red Line,R,170 MINS,"DRAMA, ACTION",1998,"Sean Penn, Adrien Brody, Jim Caviezel",The men of Charlie Company try to take Guadalcanal Island from the Japanese in World War II.,https://www.starz.com/us/en/movies/the-thin-red-line-24022
109,The Social Network,PG-13,120 MINS,"DRAMA, BIOGRAPHY",2010,"Jesse Eisenberg, Justin Timberlake, Andrew Garfield","Based on the true story of the founding of Facebook - Mark Zuckerberg dreamed up the social networking phenomenon in 2003, but six years and hundreds of million dollars in earnings later, his life is complicated.",https://www.starz.com/us/en/movies/the-social-network-40248
110,"Roman J. Israel, Esq.",PG-13,122 MINS,"CRIME, DRAMA",2017,"Denzel Washington, Colin Farrell, Carmen Ejogo","Roman Israel is a driven, idealistic defense attorney who, through a tumultuous series of events, finds himself in a crisis that leads to extreme action.",https://www.starz.com/us/en/movies/roman-j-israel-esq-38553
111,Nightcrawler,R,117 MINS,"CRIME, DRAMA",2014,"Jake Gyllenhaal, Bill Paxton, Rene Russo",A freelance cameraman goes to increasingly greater lengths to get shots of the most-lurid and disturbing crimes on the dark streets of Los Angeles.,https://www.starz.com/us/en/movies/nightcrawler-51048
112,Wall Street,R,125 MINS,DRAMA,1987,"Michael Douglas, Charlie Sheen, Martin Sheen","A young stockbroker hooks up with a shady, sinister Wall Street mover and shaker, and finds himself knee-deep in an insider trading scandal.",https://www.starz.com/us/en/movies/wall-street-41728
113,Spotlight,R,128 MINS,"DRAMA, BIOGRAPHY",2015,"Mark Ruffalo, Michael Keaton, Rachel McAdams",Journalists from The Boston Globe investigate a cover-up of sexual abuse within the Roman Catholic Church.,https://www.starz.com/us/en/movies/spotlight-51541
114,The Poseidon Adventure,PG,117 MINS,"ACTION, ADVENTURE",1972,"Gene Hackman, Ernest Borgnine, Shelley Winters",The original disaster classic! A clergyman leads survivors of a capsized luxury liner through the ship's innards to its highest point.,https://www.starz.com/us/en/movies/the-poseidon-adventure-38892
115,Broadcast News,R,132 MINS,"COMEDY, ROMANCE",1987,"William Hurt, Holly Hunter, Albert Brooks","A hilarious, insightful look at the world of network television news: a hot-shot female producer falls for a pretty boy anchor, causing her to question everything.",https://www.starz.com/us/en/movies/broadcast-news-41531
116,A Fantastic Woman,R,104 MINS,"DRAMA, LGBTQ",2017,"Francisco Reyes, Luis Gnecco, Aline Kuppenheim",A transgender woman and her older lover are planning a future together when he suddenly dies and his family wants nothing to do with her.,https://www.starz.com/us/en/movies/a-fantastic-woman-39611
117,Grand Canyon,R,134 MINS,"DRAMA, ROMANCE",1991,"Danny Glover, Kevin Kline, Steve Martin","An upscale wife finds an abandoned baby in an alley, her husband ends an affair with his young secretary, a volatile movie producer examines his life, and a tow-truck driver finds love.",https://www.starz.com/us/en/movies/grand-canyon-38411
118,Pain And Glory,R,113 MINS,"DRAMA, LGBTQ",2019,"Antonio Banderas, Penélope Cruz, Leonardo Sbaraglia",A film director reflects on the choices he's made in life as past and present come crashing down around him. Subtitled.,https://www.starz.com/us/en/movies/pain-and-glory-52204
119,The Fabulous Baker Boys,R,113 MINS,"ROMANCE, COMEDY",1989,"Jeff Bridges, Michelle Pfeiffer, Beau Bridges",Performing pianist brothers Frank and Jack Baker add a surly yet sexy female singer to their lounge act - changing their lives forever. Michelle Pfeiffer won a Golden Globe for her performance.,https://www.starz.com/us/en/movies/the-fabulous-baker-boys-47871
120,Land Of Mine,R,101 MINS,"DRAMA, FOREIGN",2015,"Roland Moller, Mikkel B. Følsgaard, Laura Bro",A group of German POWs are forced to dig up millions of land mines with their bare hands. Subtitled.,https://www.starz.com/us/en/movies/land-of-mine-34402
121,Wild Tales,R,122 MINS,"COMEDY, DRAMA",2014,"Rita Cortese, Ricardo Darin, Nancy Duplaa","Award-winning anthology from Argentina composed of six short films united by a common theme of tragedy, revenge, and violence found in everyday detail. Nominated for 2015 Best Foreign Language Film Oscar.",https://www.starz.com/us/en/movies/wild-tales-24327
122,Whale Rider,PG-13,101 MINS,"DRAMA, FAMILY",2003,"Keisha Castle-Hughes, Rawiri Paratene, Vicky Haughton",A young girl struggles against old world beliefs as she tries to convince her grandfather that she is every bit as worthy as the young boys being considered as their people's next leader.,https://www.starz.com/us/en/movies/whale-rider-49484
123,Tomorrowland,PG,130 MINS,"ADVENTURE, SCI-FI",2015,"George Clooney, Hugh Laurie, Britt Robertson","A former boy genius and a gifted teenager set out on a dangerous mission to unearth the secrets of Tomorrowland, a mysterious place caught between time and space.",https://www.starz.com/us/en/movies/tomorrowland-25407
124,Passion,R,101 MINS,"DRAMA, MYSTERY",2012,"Noomi Rapace, Rachel McAdams, Paul Anderson",The rivalry between the manipulative boss of an advertising agency and her talented protégée escalates from stealing credit to public humiliation to murder.,https://www.starz.com/us/en/movies/passion-66537
125,Kingdom of Heaven,R,144 MINS,"DRAMA, ACTION",2005,"Orlando Bloom, Eva Green, Liam Neeson","During the Crusades of the 12th Century, a young blacksmith leads the people of Jerusalem in defense against the Crusaders.",https://www.starz.com/us/en/movies/kingdom-of-heaven-25424
126,Chef,R,114 MINS,"ADVENTURE, COMEDY",2014,"Jon Favreau, Sofía Vergara, John Leguizamo","A head chef quits his restaurant job and buys a food truck in an effort to reclaim his creative promise, while piecing back together his estranged family.",https://www.starz.com/us/en/movies/chef-51100
127,Clerks III,R,100 MINS,COMEDY,2022,"Kevin Smith, Brian O'Halloran, Jeff Anderson",Randal decides to make a movie about working at the Quick Stop after he suffers a near-fatal heart attack.,https://www.starz.com/us/en/movies/clerks-iii-68494
128,Mallrats,R,95 MINS,"COMEDY, CULT",1995,"Shannen Doherty, Jeremy London, Jason Lee",Two Gen-X slackers lose their girlfriends and head for the mall - but that's just an excuse for a dizzying array of surreal situations and outrageous comedy.,https://www.starz.com/us/en/movies/mallrats-6614
129,Titan A.E.,PG,95 MINS,"ANIMATED, SCI-FI",2000,"Matt Damon, Drew Barrymore, Bill Pullman","In the far future after Earth was destroyed in an attack by an alien race, a human teenager finds his way to to a mysterious ""earthship"" called The Titan - and discovers how to save mankind.",https://www.starz.com/us/en/movies/titan-a-e-25833
130,Spy Game,R,126 MINS,"SUSPENSE, ACTION",2001,"Robert Redford, Brad Pitt, Catherine McCormack",A CIA veteran on his last day on the job in Virginia must use all his resources and guile - including deceiving his bosses - to help rescue a rogue agent captured by the Chinese. An explosive thriller!,https://www.starz.com/us/en/movies/spy-game-43829
131,The Beach,R,119 MINS,DRAMA,2000,"Leonardo DiCaprio, Tilda Swinton, Virginie Ledoyen","An adventurous young man travels to Thailand and finds a strange map with rumors that it leads to a beach of tropical bliss. Intrigued, he sets out to find the mysterious place, only to discover trouble in paradise.",https://www.starz.com/us/en/movies/the-beach-24466
132,Knight Of Cups,R,118 MINS,"DRAMA, FANTASY",2015,"Natalie Portman, Christian Bale, Cate Blanchett","A writer indulging in all that Los Angeles and Las Vegas have to offer, undertakes a search for love and self via a series of adventures with six different women.",https://www.starz.com/us/en/movies/knight-of-cups-68615
133,T2 Trainspotting,R,117 MINS,"COMEDY, CRIME",2017,"Ewan McGregor, Jonny Lee Miller, Robert Carlyle",The original Trainspotting gang reunites 20 years after their cinematic debut.,https://www.starz.com/us/en/movies/t2-trainspotting-35484
134,Cookie's Fortune,PG-13,118 MINS,"COMEDY, DRAMA",1999,"Glenn Close, Julianne Moore, Liv Tyler",Conflict arises in the small town of Holly Springs when an old woman's death causes a variety of reactions among family and friends.,https://www.starz.com/us/en/movies/cookies-fortune-12999
135,The Front Runner,R,113 MINS,"BIOGRAPHY, DRAMA",2018,"Hugh Jackman, Vera Farmiga, Kaitlyn Dever",Democrat Gary Hart becomes the front-runner for the 1988 presidential nomination until allegations of an extramarital affair derail his campaign.,https://www.starz.com/us/en/movies/the-front-runner-44715
136,Rock The Kasbah,R,106 MINS,"COMEDY, MUSIC",2015,"Bill Murray, Bruce Willis, Kate Hudson","After discovering a talented teenage singer in Afghanistan, a washed-up American music manager makes it his mission to land her a spot on the television show ""Afghan Star.""",https://www.starz.com/us/en/movies/rock-the-kasbah-50936
137,The Big Trip,G,84 MINS,"ANIMATED, FAMILY",2019,"Drake Bell, Pauly Shore","A stork mistakenly delivers a baby panda to the wrong door. A bear, a moose, a tiger, and a rabbit set on a fun filled adventure to return the panda home.",https://www.starz.com/us/en/movies/the-big-trip-70760
138,Dr. Dolittle 2,PG,87 MINS,"COMEDY, FAMILY",2001,"Eddie Murphy, Kristen Wilson, Raven-Symone",He talks to the animals - again! Dr. Dolittle tries to convince two wildly different bears that they must come together to save a forest slated for destruction!,https://www.starz.com/us/en/movies/dr-dolittle-2-41551
139,The Nut Job,PG,85 MINS,"ANIMATED, ADVENTURE",2014,"Liam Neeson, Brendan Fraser, Katherine Heigl",A mischievous squirrel and his sidekick assemble a ragtag animal crew to get inside their town's nut shop and steal enough food for the winter.,https://www.starz.com/us/en/movies/the-nut-job-50933
140,Planet 51,PG,91 MINS,"ANIMATED, ADVENTURE",2009,"Dwayne Johnson, Jessica Biel, Justin Long","Planet 51 - a far-away world recalling 1950s America - is paranoid about alien invasions from outer space. So when a NASA astronaut lands and hysteria erupts, the young science student who befriends him must save the day!",https://www.starz.com/us/en/movies/planet-51-36259
141,The Karate Kid,PG,127 MINS,"ACTION, ADVENTURE",1984,"Ralph Macchio, Pat Morita, Elisabeth Shue","Daniel, a New Jersey teen, moves to California and finds himself the target of bullies - but then he meets Mr. Myagi and discovers martial arts!",https://www.starz.com/us/en/movies/the-karate-kid-6462
142,Thumbelina,G,86 MINS,"ANIMATED, FAMILY",1994,"Jodi Benson, Kenneth Mars, Charo","Based on the famous fairy tale - tiny Thumbelina longs for a husband, and soon meets a fairy prince. But they are separated, and Thumbelina tumbles into a crazy world of toads, moles and other unsuitable suitors.",https://www.starz.com/us/en/movies/thumbelina-23863
143,Rebound,PG,86 MINS,"COMEDY, FAMILY",2005,"Martin Lawrence, Wendy Raquel Robinson, Steven Anthony Lawrence","Suspended after a public outburst, a college basketball coach accepts a short-term job with a team of middle schoolers.",https://www.starz.com/us/en/movies/rebound-26063
144,The Reef 2: High Tide,PG,80 MINS,"ANIMATED, ADVENTURE",2012,"Busy Philipps, Rob Schneider, Frankie Jonas","Trained in the skills of sea power, Pi the fish can fight any predator that threatens his friends and neighbors on the reef. Unfortunately, being the only hero in town can take its toll.",https://www.starz.com/us/en/movies/the-reef-2-high-tide-65110
145,Wings,G,87 MINS,"ADVENTURE, ANIMATED",2012,"Josh Duhamel, Hilary Duff, Jesse McCartney","A few weeks before a big airshow, Ace gets his acceptance letter to take part in the competition to become the next champion.",https://www.starz.com/us/en/movies/wings-66506
146,Home Alone 3,PG,102 MINS,"COMEDY, FAMILY",1997,"Alex D. Linz, Olek Krupa, Rya Kihlstedt",The slapstick kid vs. bad guys adventures continue as little Alex discovers spies are trying to retrieve a top-secret microchip - but they encounter a maze of hilarious booby traps when they enter Alex's house!,https://www.starz.com/us/en/movies/home-alone-3-32938
147,FernGully: The Last Rainforest,G,76 MINS,"ANIMATED, ADVENTURE",1992,"Robin Williams, Tim Curry, Samantha Mathis","A woodland fairy and her pals - including a crazy motor-mouth bat - save the life of a lumberjack by shrinking him to miniature size, and then battle the evil forces trying to destroy their rainforest.",https://www.starz.com/us/en/movies/ferngully-the-last-rainforest-37558
148,Little Women,PG,135 MINS,"DRAMA, FAMILY",2019,"Saoirse Ronan, Emma Watson, Florence Pugh",Four sisters come of age in America during the aftermath of the Civil War.,https://www.starz.com/us/en/movies/little-women-52172
149,"Are You There God? It's Me, Margaret.",PG-13,106 MINS,"COMEDY, DRAMA",2023,"Abby Ryder Fortson, Rachel McAdams, Kathy Bates","Raised by a Christian mother and a Jewish father, an adolescent girl starts to ask questions about faith and religion. Based on the beloved novel by Judy Blume.",https://www.starz.com/us/en/movies/are-you-there-god-its-me-margaret-64991
150,A Mermaid's Tale,G,92 MINS,"FAMILY, FANTASY",2017,"Caitlin Carmichael, Jerry O'Connell, Barry Bostwick",Twelve-year-old Ryan is despondent about moving to a dying seacoast village until she forms an unlikely friendship with a quirky teenage mermaid.,https://www.starz.com/us/en/movies/a-mermaids-tale-66416
151,Cheaper By The Dozen,PG,98 MINS,"COMEDY, FAMILY",2003,"Steve Martin, Bonnie Hunt, Piper Perabo","While his wife is away on business, a college football coach must handle the chaos surrounding his 12 children.",https://www.starz.com/us/en/movies/cheaper-by-the-dozen-32924
152,Bernie the Dolphin,G,88 MINS,"ADVENTURE, COMEDY",2018,"Lola Sultan, Logan Allen, Kevin Sorbo","A brother and sister befriend a badly sunburned dolphin that has been separated from its family, uncovering a secret plan that could destroy the beach and their new friend's home.",https://www.starz.com/us/en/movies/bernie-the-dolphin-70758
153,Ainbo: Spirit Of The Amazon,TV-G,84 MINS,"ADVENTURE, ANIMATED",2021,"Thom Hoffman, Bernardo De Paula, Joe Hernandez",The epic journey of a young hero and her Spirit Guides who embark on a quest to save their home in the spectacular Amazon Rainforest.,https://www.starz.com/us/en/movies/ainbo-spirit-of-the-amazon-67951
154,The Last Deal,R,90 MINS,"ACTION, CRIME",2023,"Gigi Gustin, Sala Baker, Anthony Molinari","When marijuana becomes legal, a black market cannabis dealer is forced to make one last deal before he's squeezed out of the business.",https://www.starz.com/us/en/movies/the-last-deal-69175
155,The Unbearable Weight Of Massive Talent,R,106 MINS,"ACTION, COMEDY",2022,"Nicolas Cage, Pedro Pascal, Tiffany Haddish","In this action-packed comedy, Nicolas Cage plays Nick Cage, channeling his iconic characters as he's caught between a superfan (Pedro Pascal) and CIA agents (Tiffany Haddish, Ike Barinholtz).",https://www.starz.com/us/en/movies/the-unbearable-weight-of-massive-talent-60220
156,Fall,PG-13,107 MINS,"ACTION, SUSPENSE",2022,"Grace Caroline Currey, Virginia Gardner, Jeffrey Dean Morgan","Stranded 2,000 feet at the top of a remote, abandoned radio tower, two expert climbers are put to the ultimate test as they desperately fight to survive the elements, a lack of supplies, and vertigo-inducing heights.",https://www.starz.com/us/en/movies/fall-68039
157,About My Father,PG-13,89 MINS,COMEDY,2023,"Robert De Niro, Sebastian Maniscalco, Leslie Bibb","When Sebastian tells his old-school Italian immigrant father Salvo that he is going to propose to his all-American girlfriend, Salvo insists on crashing a weekend with her tony parents.",https://www.starz.com/us/en/movies/about-my-father-67778
158,A Southern Haunting,TV-14,93 MINS,"HORROR, DRAMA",2023,"Imani Hakim, Laya DeLeon Hayes, Graham Patrick Martin","After receiving 40 acres, a former slave family battles man and myth to uncover the truth that lurks behind their land.",https://www.starz.com/us/en/movies/a-southern-haunting-69700
159,Ambulance,R,136 MINS,"ACTION, SUSPENSE",2022,"Jake Gyllenhaal, Yahya Abdul-Mateen II, Eiza González","A decorated veteran teams up with his adoptive brother to steal $32 million from a Los Angeles bank. When their getaway goes wrong, the desperate thieves hijack an ambulance that's carrying a wounded cop and an EMT worker.",https://www.starz.com/us/en/movies/ambulance-64749
160,Match Me If You Can,TV-14,104 MINS,"COMEDY, ROMANCE",2023,"Georgina Reilly, Wilson Bethel, Brian George","After being deemed ""unmatchable,"" a scorned computer nerd declares war against a dating service, becoming an accidental spokesperson for all frustrated singles.",https://www.starz.com/us/en/movies/match-me-if-you-can-71244
161,As Good As Dead,TV-MA,89 MINS,"ACTION, CRIME",2022,"Michael Jai White, Tom Berenger, Louis Mandylor",A man with a mysterious past moves to a small Mexican border-town to start over. He reluctantly befriends a troubled local teen who is being recruited by the local street gang.,https://www.starz.com/us/en/movies/as-good-as-dead-69324
162,Among The Beasts,TV-MA,100 MINS,"ACTION, MYSTERY",2023,"Tory Kittles, Libe Barer, Sarunas J. Jackson","One year after his own niece's disappearance, a traumatized Marine is recruited by a drug kingpin to find another missing girl with a very similar story.",https://www.starz.com/us/en/movies/among-the-beasts-68903
163,Prey For The Devil,PG-13,93 MINS,"HORROR, SUSPENSE",2022,"Virginia Madsen, Jacqueline Byers, Christian Navarro",A nun prepares to perform an exorcism and comes face to face with a demonic force with mysterious ties to her past.,https://www.starz.com/us/en/movies/prey-for-the-devil-60222
164,Marry Me,PG-13,112 MINS,"COMEDY, ROMANCE",2022,"Jennifer Lopez, Owen Wilson, Maluma","On the day of her wedding, a pop star marries a complete stranger after finding out that her fiance cheated on her.",https://www.starz.com/us/en/movies/marry-me-64747
165,SAS: Red Notice,R,124 MINS,"ACTION, SUSPENSE",2021,"Sam Heughan, Ruby Rose, Andy Serkis","A groom's wedding plans are disrupted when a small army of well-trained criminals, led by Laszlo Antonov, hijack the Eurostar deep beneath the English Channel.",https://www.starz.com/us/en/movies/sas-red-notice-65092
166,Malum,TV-MA,93 MINS,HORROR,2023,"Jessica Sula, Candice Coke, Chaney Morrow","After taking the last shift at a newly decommissioned station, a rookie police officer finds herself barraged by terrifying supernatural events while unveiling the truth behind her family's twisted past.",https://www.starz.com/us/en/movies/malum-71170
167,Corsicana,R,102 MINS,"DRAMA, WESTERN",2022,"Isaiah Washington, Lew Temple, Noel Guglielmi","Deputy US Marshal Bass Reeves reunites with his former partner turned fugitive Sam Tanner. Joined by an ex-Union Sharpshooter, they are in a race against time as they track Jack Donner and his vicious gang of killers.",https://www.starz.com/us/en/movies/corsicana-69699
168,Paradise Highway,R,114 MINS,"ACTION, CRIME",2022,"Cameron Monaghan, Frank Grillo, Morgan Freeman","A truck driver is forced to smuggle illegal cargo to save her brother from a prison gang. The FBI is hot on her trail, and her conscience is tested when her final package turns out to be a teenage girl.",https://www.starz.com/us/en/movies/paradise-highway-67553
169,Aurora: A Love Story,TV-14,95 MINS,"DRAMA, SUSPENSE",2023,"Julito McCullum, Marc John Jefferies, Tobias Truvillion",Plans swiftly change and dark secrets are revealed when a bride goes missing the night before her Puerto Rican destination wedding.,https://www.starz.com/us/en/movies/aurora-a-love-story-69322
170,Queen Of Glory,TV-MA,78 MINS,"COMEDY, DRAMA",2021,"Nana Mensah, Meeko , Madeline Weinstein","Sarah is all set to abandon her Ivy League doctoral program to follow her married lover across the country--but an unexpected event puts her life on a brand new trajectory. A critically-acclaimed, heartfelt story.",https://www.starz.com/us/en/movies/queen-of-glory-68027
171,The Meddler,PG-13,103 MINS,"ROMANCE, COMEDY",2015,"Rose Byrne, Lucy Punch, J.K. Simmons",A widow from New York City follows her daughter to L.A. hoping to start a new life after her husband passes away. A chance encounter with a security guard sends her on a new path.,https://www.starz.com/us/en/movies/the-meddler-29594
172,You Won't Be Alone,R,109 MINS,"HORROR, DRAMA",2022,"Noomi Rapace, Anamaria Marinca, Alice Englert","Curious about life as a human, a young witch in 19th-century Macedonia accidentally kills a peasant in a nearby village -- then takes the victim's shape to live in her skin.",https://www.starz.com/us/en/movies/you-wont-be-alone-66353
173,The Jane Austen Book Club,PG-13,105 MINS,"COMEDY, DRAMA",2007,"Maria Bello, Hugh Dancy, Emily Blunt","Six Californians start a Jane Austen book club devoted to the English author's intricate, romantic novels - and soon find their lives mirroring the 19th century stories they are reading!",https://www.starz.com/us/en/movies/the-jane-austen-book-club-33373
174,The Girl With All The Gifts,R,111 MINS,"HORROR, DRAMA",2016,"Gemma Arterton, Glenn Close, Paddy Considine","In the future, a strange fungus has changed nearly everyone into a thoughtless, flesh-eating monster. When a scientist and a teacher find a girl who seems to be immune, they all begin a journey to save humanity.",https://www.starz.com/us/en/movies/the-girl-with-all-the-gifts-70786
175,Pretty Red Dress,TV-MA,110 MINS,DRAMA,2023,"Natey Jones, Alexandra Burke, Temilola Olatunbosun","Family dynamics are forever changed when Travis, just home from prison, is caught trying on his girlfriend's fiery red dress.",https://www.starz.com/us/en/movies/pretty-red-dress-70928
176,"""50/50""",R,100 MINS,"COMEDY, DRAMA",2011,"Joseph Gordon-Levitt, Seth Rogen, Anna Kendrick",A young man struggles to come to terms with his cancer diagnosis as he is forced to question everything he thought was important in life.,https://www.starz.com/us/en/movies/50-50-50806
177,Naked Singularity,R,93 MINS,"CRIME, DRAMA",2021,"John Boyega, Olivia Cooke, Bill Skarsgård",An idealistic NYC public defender burned out by the system takes matters into his own hands when he joins an old client on a high-stakes drug heist.,https://www.starz.com/us/en/movies/naked-singularity-64730
178,The Outfit,R,105 MINS,"CRIME, DRAMA",2022,"Mark Rylance, Dylan O'Brien, Zoey Deutch",An expert tailor must outwit a dangerous group of Chicago mobsters to survive a fateful night.,https://www.starz.com/us/en/movies/the-outfit-66355
179,"Alice, Darling",R,89 MINS,DRAMA,2022,"Anna Kendrick, Kaniehtiio Horn, Charlie Carrick","Pushed to the breaking point, a woman enjoys some much-needed time away from her psychologically abusive boyfriend. However, when his vengeance is unleashed, it tests the bonds of deep-rooted friendships.",https://www.starz.com/us/en/movies/alice-darling-69015
180,Leave No Trace,PG,108 MINS,DRAMA,2018,"Ben Foster, Thomasin McKenzie, Jeff Kober",A man and his 13-year-old daughter are living in a park when a small mistake tips them off to authorities and changes their lives forever.,https://www.starz.com/us/en/movies/leave-no-trace-57473
181,Disobedience,R,114 MINS,"DRAMA, ROMANCE",2018,"Rachel McAdams, Rachel Weisz, Alessandro Nivola",A woman returns to her Orthodox Jewish home after the death of her rabbi father and stirs up controversy when she shows an interest in an old childhood friend.,https://www.starz.com/us/en/movies/disobedience-57477
182,The Happy Prince,R,104 MINS,"BIOGRAPHY, DRAMA",2018,"Rupert Everett, Emily Watson, Colin Firth","The untold story of the last days in the tragic times of Oscar Wilde, a person who observes his own failure with ironic distance and regards the difficulties that beset his life with detachment and humor.",https://www.starz.com/us/en/movies/the-happy-prince-44561
183,All Creatures Here Below,TV-MA,91 MINS,"DRAMA, CRIME",2019,"David Dastmalchian, Karen Gillan, Jennifer Morrison","Desperate for money, Gensan and Ruby impulsively commit a crime which sets in motion a series of dire events. Now on the run, the couple seek refuge in Kansas City, a place filled with dark secrets that still haunt them.",https://www.starz.com/us/en/movies/all-creatures-here-below-68326
184,Alpha Dog,R,117 MINS,"DRAMA, CRIME",2007,"Justin Timberlake, Bruce Willis, Emile Hirsch","Teenage dealer Johnny Truelove and his friends kidnap the impressionable younger brother of a junkie who refuses to pay his drug debt. Things change unexpectedly when Frankie, one of Johnny's pals, befriends the youth.",https://www.starz.com/us/en/movies/alpha-dog-34767
185,Waitress,PG-13,107 MINS,"COMEDY, ROMANCE",2007,"Keri Russell, Nathan Fillion, Cheryl Hines","Jenna is a pregnant, unhappily married waitress in the deep south. She meets a newcomer to her town and falls into an unlikely relationship as a last attempt at happiness.",https://www.starz.com/us/en/movies/waitress-51208
186,Megan Leavey,PG-13,116 MINS,"WAR, BIOGRAPHY",2017,"Kate Mara, Bradley Whitford, Tom Felton",Based on the true life story of a young Marine corporal whose unique discipline and bond with her military combat dog saved many lives during their deployment in Iraq.,https://www.starz.com/us/en/movies/megan-leavey-62140
187,The Road,R,111 MINS,"DRAMA, SUSPENSE",2009,"Charlize Theron, Viggo Mortensen, Kodi Smit-McPhee",A father and his son try to keep the dream of civilization alive as they wander through a post-apocalyptic landscape.,https://www.starz.com/us/en/movies/the-road-50208
188,"Paul, Apostle of Christ",PG-13,107 MINS,"DRAMA, HISTORICAL",2018,"Jim Caviezel, James Faulkner, Olivier Martinez",The story of how Paul went from the most infamous persecutor of Christians to Jesus Christ's most influential apostle.,https://www.starz.com/us/en/movies/paul-apostle-of-christ-40818
189,Signs Of Love,TV-MA,98 MINS,DRAMA,2022,"Rosanna Arquette, Dylan Penn, Hopper Penn","A young man struggling for a good life meets a deaf girl from a well-off nearby family. He suddenly sees hope for love, and a better life but only if he can escape the streets and the influence of his older sister.",https://www.starz.com/us/en/movies/signs-of-love-67339
190,The Broken Hearts Gallery,PG-13,109 MINS,"COMEDY, ROMANCE",2020,"Geraldine Viswanathan, Dacre Montgomery, Utkarsh Ambudkar","Dumped by her boyfriend, a New York art gallery assistant creates an exhibit for souvenirs from past relationships.",https://www.starz.com/us/en/movies/the-broken-hearts-gallery-61143
191,Moonwalkers,R,96 MINS,"ACTION, COMEDY",2015,"Ron Perlman, Rupert Grint, Robert Sheehan","In 1969 London, a CIA agent and the manager of a rock band must find a way to fake the moon landing.",https://www.starz.com/us/en/movies/moonwalkers-68418
192,The Taking of Pelham 123,R,105 MINS,"ACTION, SUSPENSE",2009,"Denzel Washington, John Travolta, John Turturro",A subway dispatcher calls on his extensive knowledge of the transit system to outwit hijackers who are threatening to kill passengers unless a ransom is paid.,https://www.starz.com/us/en/movies/the-taking-of-pelham-123-33037
193,No One Lives,R,86 MINS,"HORROR, SUSPENSE",2012,"Luke Evans, Adelaide Clemens, Lee Tergesen",A gang of vicious highway killers kidnap a wealthy couple passing through their isolated town - only they didn't count on these tourists being maniacally able to take care of themselves!,https://www.starz.com/us/en/movies/no-one-lives-30867
194,Pimp,TV-MA,85 MINS,"CRIME, DRAMA",2018,"Keke Palmer, Edi Gathegi, Aunjanue Ellis","After learning the ropes from her father, a young woman works as a pimp while fighting to protect her girls, her drug addicted mother, and her girlfriend.",https://www.starz.com/us/en/movies/pimp-64185
195,Pawn,R,88 MINS,"ACTION, SUSPENSE",2013,"Forest Whitaker, Michael Chiklis, Nikki Reed",A petty robbery spirals into a tense hostage situation after three gunmen hold up a diner that's a front for the mob.,https://www.starz.com/us/en/movies/pawn-30852
196,Trois 3: The Escort,R,95 MINS,"DRAMA, SUSPENSE",2004,"Brian J. White, Patrice Fisher, Reagan Gomez-Preston",A high-priced escort upsets a powerful businesswoman when he falls for a call girl who works for the same madam.,https://www.starz.com/us/en/movies/trois-3-the-escort-68467
197,Trois 2: Pandora's Box,R,103 MINS,"DRAMA, SUSPENSE",2002,"Monica Calhoun, Michael White, Kristoff St. John",A beautiful psychiatrist - whose love life is on hold - gets caught up in a world of steamy sex and ugly blackmail when she takes on a patient whose husband was murdered.,https://www.starz.com/us/en/movies/trois-2-pandoras-box-68465
198,The Amityville Moon,R,92 MINS,"HORROR, SUSPENSE",2021,"Trey McCurley, Tuesday Knight, Augie Duke",A detective hired to find two runaway girls uncovers a horrifying secret at a boarding home run by the church.,https://www.starz.com/us/en/movies/the-amityville-moon-68739
199,Amityville: The Awakening,PG-13,87 MINS,"HORROR, SUSPENSE",2017,"Jennifer Jason Leigh, Bella Thorne, Cameron Monaghan","A desperate single mother moves with her three children into the notoriously haunted Amityville house hoping its dark powers might cure her comatose son, but things go horribly wrong.",https://www.starz.com/us/en/movies/amityville-the-awakening-38047
200,Fear,R,97 MINS,HORROR,2023,"Joseph Sikora, Andrew Bachelor, Annie Ilonzeh",A weekend vacation turns sinister when a group of friends must confront their worst fears one by one.,https://www.starz.com/us/en/movies/fear-69627
201,The Amityville Harvest,R,94 MINS,"HORROR, SUSPENSE",2020,"Kyle Lowder, Sadie Katz, Paul Logan",Members of a documentary crew meet a mysterious man who seems to possess supernatural powers at a crumbling manor.,https://www.starz.com/us/en/movies/the-amityville-harvest-68735
202,Tales From The Hood,R,97 MINS,"HORROR, COMEDY",1995,"Clarence Williams III, Joe Torry, Wings Hauser","Three young hustlers, searching for stolen drugs in a mortuary, become enchanted by the supernatural tales told by the undertaker.",https://www.starz.com/us/en/movies/tales-from-the-hood-30239
203,Amityville II: The Possession,R,104 MINS,"DRAMA, HORROR",1982,"Burt Young, Rutanya Alda, James Olson","Before horror struck a house in Amityville, there was a disturbed family who lived there - including a brutal father, an insane son, and devilish spiritual possessions! The prequel to The Amityville Horror.",https://www.starz.com/us/en/movies/amityville-ii-the-possession-47987
204,The Grudge,R,93 MINS,"HORROR, MYSTERY",2020,"Tara Westwood, John Cho, Andrea Riseborough",A house is cursed by a vengeful ghost that dooms those who enter it with a violent death.,https://www.starz.com/us/en/movies/the-grudge-52188
205,Vacancy,R,85 MINS,"CRIME, HORROR",2007,"Kate Beckinsale, Luke Wilson, Frank Whaley","A couple are stranded at a desolate, run-down motel run by a twitchy manager - are those real murders on the in-room video tapes, and why are there multiple video cameras throughout the motel?",https://www.starz.com/us/en/movies/vacancy-24025
206,The Grudge,PG-13,91 MINS,"HORROR, SUSPENSE",2004,"Sarah Michelle Gellar, Jason Behr, William Mapother","A murderous supernatural curse passes like a virus in Tokyo, infecting and possessing its victims in unspeakable horrors - an American nurse frantically searches for a way to destroy the evil!",https://www.starz.com/us/en/movies/the-grudge-29285
207,The Curse of La Patasola,R,84 MINS,HORROR,2022,"AJ Jones, Luciana Faulhaber, Patrick Walker","On a weekend camping trip, two struggling couples are haunted by La Patasola, a famed vampiric monster from Amazonian folklore.",https://www.starz.com/us/en/movies/the-curse-of-la-patasola-67037
208,Firestarter,R,94 MINS,"HORROR, DRAMA",2022,"Zac Efron, Ryan Kiera Armstrong, Sydney Lemmon",An operative pursues an 11-year-old girl who can turn fire into a weapon of mass destruction.,https://www.starz.com/us/en/movies/firestarter-66776
209,Our Deadly Vows,TV-14,81 MINS,"DRAMA, HORROR",2023,"K.D. Chalk, Chris Chalk, Ashlei Sharpe Chestnut","Before moving to Spain, a young couple gathers with friends for one last hurrah, but what starts as a loving dinner party, ends in a bloody fight for survival where no one is to be trusted.",https://www.starz.com/us/en/movies/our-deadly-vows-69835
210,Hanging Up,PG-13,94 MINS,"COMEDY, DRAMA",2000,"Meg Ryan, Lisa Kudrow, Diane Keaton","Three successful, slightly manic adult sisters must come to grips with their elderly dad's declining health - even though none of them are close to him, decisions must be made.",https://www.starz.com/us/en/movies/hanging-up-12099
211,Limitless,PG-13,104 MINS,"SUSPENSE, ACTION",2011,"Robert De Niro, Bradley Cooper, Abbie Cornish","With the help of a mysterious pill that enables the user to access his brain's full abilities, a struggling writer becomes a financial wizard - and enters a new and dangerous world.",https://www.starz.com/us/en/movies/limitless-50426
212,The Whole Nine Yards,R,98 MINS,"COMEDY, CRIME",2000,"Bruce Willis, Matthew Perry, Rosanna Arquette","A struggling dentist's life is turned upside down when a famous gangster moves in next door, and his wife convinces him to inform a notorious mob boss about the gangster's whereabouts.",https://www.starz.com/us/en/movies/the-whole-nine-yards-51703
213,The Infiltrator,R,127 MINS,"CRIME, DRAMA",2016,"Bryan Cranston, Diane Kruger, John Leguizamo","In 1986, federal agent Robert Mazur poses as a money-laundering businessman to infiltrate the trafficking network of Colombian drug kingpin Pablo Escobar.",https://www.starz.com/us/en/movies/the-infiltrator-68613
214,Money Monster,R,98 MINS,"DRAMA, SUSPENSE",2016,"George Clooney, Julia Roberts, Jack O'Connell",A gunman holds a financial talk show host hostage on live television after losing his family's money on a bad tip. He threatens to kill the talk show host if he doesn't get a particular stock to go up before the closing bell.,https://www.starz.com/us/en/movies/money-monster-29877
215,The 355,PG-13,122 MINS,"ACTION, SUSPENSE",2022,"Jessica Chastain, Lupita Nyong'o, Penélope Cruz","CIA agent Mason ""Mace"" Brown joins forces with a rival German agent, a cutting-edge computer specialist and a Colombian psychologist when a top-secret weapon falls into the hands of a group of mercenaries.",https://www.starz.com/us/en/movies/the-355-64722
216,Hostiles,R,134 MINS,"ADVENTURE, DRAMA",2017,"Christian Bale, Rosamund Pike, Wes Studi","In 1892, a legendary Army captain reluctantly agrees to escort a Cheyenne chief and his family through dangerous territory.",https://www.starz.com/us/en/movies/hostiles-67524
217,Only The Brave,PG-13,134 MINS,"DRAMA, TRUE STORY",2017,"Taylor Kitsch, Jennifer Connelly, Josh Brolin","A drama based on the elite crew of firemen from Prescott, Arizona who battled a 2013 wildfire in Yarnell, AZ that claimed the lives of 19 of their members.",https://www.starz.com/us/en/movies/only-the-brave-38425
218,Traitor,PG-13,114 MINS,"ACTION, DRAMA",2008,"Don Cheadle, Guy Pearce, Said Taghmaoui","A former US Special Ops agent - suspected of helping the terrorist group he's infiltrated - becomes the focus of an international hunt by the FBI in this twisting, pulse-pounding thriller.",https://www.starz.com/us/en/movies/traitor-30168
219,Brown Sugar,PG-13,109 MINS,"COMEDY, ROMANCE",2002,"Sanaa Lathan, Taye Diggs, Queen Latifah",Romance ensues when a journalist falls in love with her best friend - an executive for a hip-hop record label. But what will his fiance think?,https://www.starz.com/us/en/movies/brown-sugar-38409
220,Sparkle,PG-13,116 MINS,"DRAMA, MUSICAL",2012,"Whitney Houston, Jordin Sparks, Derek Luke","In 1968 Detroit, a musical prodigy tries to balance romance with the new challenges life brings, as she and her sisters struggle for Motown stardom.",https://www.starz.com/us/en/movies/sparkle-50570
221,Underworld: Blood Wars,R,91 MINS,"ACTION, FANTASY",2017,"Kate Beckinsale, Theo James, Tobias Menzies",The next installment in the action-packed adventures of the vampire warrior Selene.,https://www.starz.com/us/en/movies/underworld-blood-wars-29550
222,Careful What You Wish For,R,91 MINS,"SUSPENSE, DRAMA",2015,"Nick Jonas, Dermot Mulroney, Isabel Lucas",Complications arise when a young man has an affair with the seductive wife of an investment banker.,https://www.starz.com/us/en/movies/careful-what-you-wish-for-27614
223,Mad Money,PG-13,104 MINS,"COMEDY, CRIME",2008,"Diane Keaton, Queen Latifah, Katie Holmes",A trio of female Federal Reserve employees concoct a plan to relieve their workplace of paper money slated for destruction - but comic complications threaten their foolproof scheme! Written and directed by Callie Khouri.,https://www.starz.com/us/en/movies/mad-money-1037
224,Dr. Dolittle,PG-13,85 MINS,"COMEDY, FAMILY",1998,"Eddie Murphy, Ossie Davis, Oliver Platt",A doctor's life is turned upside down when he discovers he has the ability to talk to animals.,https://www.starz.com/us/en/movies/dr-dolittle-24149
225,Body Parts,TV-MA,86 MINS,DOCUMENTARY,2022,"Rose McGowan, Mishel Prada, Jane Fonda","An insightful and revealing documentary that shows the evolution of desire and ""sex"" on-screen from a female perspective.",https://www.starz.com/us/en/movies/body-parts-68817
226,Witch Hunt,R,97 MINS,"HORROR, SUSPENSE",2021,"Gideon Adlon, Abigail Cowen, Christian Camargo","In a modern America where witches are real and witchcraft is illegal, a sheltered teenager must face her own demons and prejudices.",https://www.starz.com/us/en/movies/witch-hunt-66513
227,Talk To Me,R,118 MINS,"DRAMA, TRUE STORY",2007,"Don Cheadle, Cedric The Entertainer, Mike Epps","Fueled by the music and social upheaval of the times, ex-convict Ralph ""Petey"" Greene becomes a radio personality and courts controversy in 1960s Washington, D.C.",https://www.starz.com/us/en/movies/talk-to-me-34856
228,Surviving Sex Trafficking,TV-MA,70 MINS,DOCUMENTARY,2022,"Jeannie Jenkins, Sadhvi Shree, Daniel Amen","With 45 million sex trafficking victims worldwide, only 1% manage to escape or be rescued. Surviving Sex Trafficking examines the ongoing struggles of those survivors as they desperately fight to break free of their past.",https://www.starz.com/us/en/movies/surviving-sex-trafficking-67949
229,Mothering Sunday,R,104 MINS,"DRAMA, ROMANCE",2022,"Odessa Young, Josh O'Connor, Olivia Colman",A maid living in post-World War I England secretly plans to meet with the man she loves before he leaves to marry another woman.,https://www.starz.com/us/en/movies/mothering-sunday-64825
230,Death Race,R,104 MINS,"ACTION, SCI-FI",2008,"Jason Statham, Tyrese Gibson, Ian McShane",Ex-con Jensen Ames is forced by the warden of a notorious prison to compete in a lethal car race where inmates must brutalize and kill one another on the road to victory.,https://www.starz.com/us/en/movies/death-race-50204
231,Never Been Kissed,PG-13,107 MINS,"COMEDY, ROMANCE",1999,"Drew Barrymore, David Arquette, Marley Shelton",A journalist enrolls in her old high school as part of her research for a story.,https://www.starz.com/us/en/movies/never-been-kissed-24477
232,There's Something About Mary,R,119 MINS,"COMEDY, ROMANCE",1998,"Cameron Diaz, Matt Dillon, Ben Stiller","A Wall Street broker decides to look up a girl he had a crush on in high school, but the private investigator he hires to find her ends up falling for her too.",https://www.starz.com/us/en/movies/theres-something-about-mary-26255
233,Reno 911!: Miami,R,80 MINS,"COMEDY, CRIME",2007,"Thomas Lennon, Ben Garant, Mary Birdsong",A rag-tag team of Reno cops are called in to save the day after a terrorist attack disrupts a national police convention in Miami Beach during spring break.,https://www.starz.com/us/en/movies/reno-911-miami-51186
234,The Mist,R,126 MINS,"HORROR, SCI-FI",2007,"Thomas Jane, Marcia Gay Harden, Laurie Holden","A freak storm unleashes a species of bloodthirsty creatures on a small town, where a small band of citizens hole up in a supermarket and fight for their lives.",https://www.starz.com/us/en/movies/the-mist-66442
235,Revenge Of The Nerds,R,90 MINS,COMEDY,1984,"Robert Carradine, Anthony Edwards, Ted McGinley","The original geek squad in their first screen adventure! Nerdy freshmen, hassled by jocks and beautiful coeds, band together in their own fraternity house and fight back, wreaking comedic havoc on campus! Nerds!!",https://www.starz.com/us/en/movies/revenge-of-the-nerds-33425
236,Transporter 2,PG-13,87 MINS,"ACTION, CRIME",2005,"Jason Statham, Amber Valletta, Alessandro Gassman","Framed for the kidnapping of a politician's son, ""Transporter"" Frank Martin must defy the FBI and race to find an antidote after the child is injected with a deadly virus.",https://www.starz.com/us/en/movies/transporter-2-26256
237,Battle For The Planet Of The Apes,G,86 MINS,"SCI-FI, SEQUEL",1973,"Roddy McDowall, Claude Akins, Natalie Trundy","The final Battle For The Planet Of The Apes! The apes have taken control of what's left of Earth - Caesar must contend not only with rebellious humans, but his own gorilla generals! The fifth and final Apes film.",https://www.starz.com/us/en/movies/battle-for-the-planet-of-the-apes-38207
238,Beneath The Planet Of The Apes,G,94 MINS,"SCI-FI, SEQUEL",1970,"James Franciscus, Kim Hunter, Charlton Heston","In Beneath The Planet Of The Apes, a mission to rescue the original trio of astronauts crashes onto the planet just as the gorilla generals, now in control, plan a genocidal attack. The second Apes film.",https://www.starz.com/us/en/movies/beneath-the-planet-of-the-apes-38213
239,The Transporter,PG-13,92 MINS,"ACTION, CRIME",2002,"Jason Statham, Shu Qi, Matt Schulze","Complications arise when a man breaks the rule of his job: to deliver packages without asking any questions. But his latest delivery is a beautiful woman. A high-octane, action-packed thriller!",https://www.starz.com/us/en/movies/the-transporter-38861
240,Escape From The Planet Of The Apes,G,97 MINS,"SCI-FI, SEQUEL",1971,"Roddy McDowall, Kim Hunter, Bradford Dillman","In Escape From The Planet Of The Apes, scientist chimps Cornelius and Zira travel through time and space to 20th century Earth - at first they're welcome, but soon they are running for their lives! The third Apes film.",https://www.starz.com/us/en/movies/escape-from-the-planet-of-the-apes-38209
241,Revenge Of The Nerds 2: Nerds In Paradise,PG-13,89 MINS,"COMEDY, SEQUEL",1987,"Robert Carradine, Curtis Armstrong, Timothy Busfield","The pocket-protector gang travels to Fort Lauderdale for a fraternity conference, fending off loads of bullies and jocks with raunchy humor in this cult classic sequel to ""Revenge Of The Nerds.""",https://www.starz.com/us/en/movies/revenge-of-the-nerds-2-nerds-in-paradise-1426
242,License To Drive,PG-13,90 MINS,"COMEDY, TEEN",1988,"Corey Haim, Corey Feldman, Carol Kane","After failing his driving test, a teen takes his grandfather's classic Cadillac out for a spin anyway, hoping to impress a girl - but this joyride quickly turns into a hilarious disaster!",https://www.starz.com/us/en/movies/license-to-drive-37814
243,My Best Friend's Girl,R,100 MINS,"COMEDY, ROMANCE",2008,"Dane Cook, Kate Hudson, Jason Biggs","Tank, a guy hired to take girls on horrible dates so they crawl back to the boyfriends they dumped, struggles with his libido and the meaning of friendship when his best pal needs his help with the girl who dumped him.",https://www.starz.com/us/en/movies/my-best-friends-girl-50076
244,Downton Abbey: A New Era,PG,125 MINS,"DRAMA, ROMANCE",2022,"Hugh Bonneville, Jim Carter, Michelle Dockery",Follow-up to the 2019 feature film in which the Crawley family and Downton staff received a royal visit from the King and Queen of Great Britain.,https://www.starz.com/us/en/movies/downton-abbey-a-new-era-64981
245,Playing It Cool,R,95 MINS,"COMEDY, ROMANCE",2014,"Chris Evans, Michelle Monaghan, Topher Grace",A struggling screenwriter is assigned to pen a romantic comedy - except he's never been in love. Then he meets a charming young woman and discovers what all the fuss is about!,https://www.starz.com/us/en/movies/playing-it-cool-24017
246,Redeeming Love,PG-13,134 MINS,"DRAMA, ROMANCE",2022,"Abigail Cowen, Tom Lewis, Logan Marshall-Green","After meeting Michael and experiencing love for the first time, Angel, facing demons that seem unbeatable, learns that she has the power to choose the life she wants.",https://www.starz.com/us/en/movies/redeeming-love-67049
247,Spread,R,97 MINS,"DRAMA, ROMANCE",2009,"Ashton Kutcher, Anne Heche, Margarita Levieva","After his latest conquest turns sour, a sexual con artist engages in a game of one-upmanship with a waitress who shares his ambitions.",https://www.starz.com/us/en/movies/spread-6801
248,The Best Of Me,PG-13,117 MINS,"DRAMA, ROMANCE",2014,"Michelle Monaghan, James Marsden, Liana Liberato","The funeral of a close friend reunites former high-school sweethearts, who find that they are still in love after 20 years apart.",https://www.starz.com/us/en/movies/the-best-of-me-51059
249,The Swearing Jar,TV-MA,110 MINS,"DRAMA, ROMANCE",2022,"Adelaide Clemens, Patrick J. Adams, Douglas Smith","""It is a rare and miraculous thing to find your one true soul mate."" Carey soon learns that finding two of them can pose an even greater problem.",https://www.starz.com/us/en/movies/the-swearing-jar-68031
250,How The Gringo Stole Christmas,PG-13,80 MINS,COMEDY,2023,"George Lopez, Mariana Treviño, Emily Tosta",Bennie's Christmas celebration goes from merry to messy when his daughter shows up with her new boyfriend.,https://www.starz.com/us/en/movies/how-the-gringo-stole-christmas-71655
251,Because I Said So,PG-13,101 MINS,"COMEDY, DRAMA",2007,"Diane Keaton, Mandy Moore, Gabriel Macht",The proud but meddlesome mother of three women tries to find the perfect man for her youngest daughter by placing an online personal ad.,https://www.starz.com/us/en/movies/because-i-said-so-31541
252,Monster Hunter,PG-13,103 MINS,"ACTION, ADVENTURE",2020,"Milla Jovovich, Tony Jaa, Jannik Schümann","Transported to a strange world, Lt. Artemis and her team of elite soldiers join forces with a mysterious hunter to battle dangerous and powerful monsters that rule their domain with deadly ferocity.",https://www.starz.com/us/en/movies/monster-hunter-59525
253,League Of Gods,PG-13,109 MINS,"ACTION, FANTASY",2016,"Jet Li, Tony L. Ka Fai, Louis Koo",King Zhou slowly turns into a tyrant due to the influence of a vixen spirit. Subtitled.,https://www.starz.com/us/en/movies/league-of-gods-34795
254,Flatliners,PG-13,109 MINS,"HORROR, SUSPENSE",2017,"Elliot Page, Diego Luna, Nina Dobrev",Five medical students trigger near-death experiences to gain insight into the mystery of what lies beyond the confines of life.,https://www.starz.com/us/en/movies/flatliners-38255
255,Identicals,R,100 MINS,"SCI-FI, DRAMA",2016,"Tim Faraday, Nora-Jane Noone, Tony Way",None Of Us Are As Unique As We Think. Identicals is a highly unconventional romantic thriller: an obsessive love story stripped down and re-arranged into the looping logic of a nightmare.,https://www.starz.com/us/en/movies/identicals-68475
256,Outlander,R,115 MINS,"ACTION, ADVENTURE",2009,"James Caviezel, Sophia Myles, Jack Huston",A time traveler arrives in ancient Norway only to bring horror and death with him in the form of an alien monster intent on killing everyone in its path.,https://www.starz.com/us/en/movies/outlander-70826
257,Scandalize My Name,TV-PG,54 MINS,"DOCUMENTARY, TRUE STORY",1999,"Morgan Freeman, Harry Belafonte, Ossie Davis","This potent documentary, narrated by Morgan Freeman, examines several prominent African-American performers in the American film and television industries during the 1950s Communist witch-hunting McCarthy era.",https://www.starz.com/us/en/movies/scandalize-my-name-1516
258,Ruth - Justice Ginsburg In Her Own Words,TV-PG,88 MINS,DOCUMENTARY,2019,"Ruth Bader Ginsburg, Barack Obama, Joe Biden","How does someone with three strikes against her, rise to the highest court in the land, the U. S. Supreme Court?",https://www.starz.com/us/en/movies/ruth-justice-ginsburg-in-her-own-words-62578
259,Starz Inside: Bloodsucking Cinema,TV-MA,56 MINS,"HORROR, DOCUMENTARY",2007,"John Carpenter, Leonard Maltin, Cheech Marin","The hypnotic attraction that only a stake or sunlight can defeat! The history of vampire films is explored via interviews and clips from Interview With A Vampire, The Lost Boys, Dracula, etc. A Starz Originals production.",https://www.starz.com/us/en/movies/starz-inside-bloodsucking-cinema-1664
260,When We Speak,TV-MA,77 MINS,DOCUMENTARY,2022,"Rose McGowan, Katharine Gun, Helen Evans","British intelligence employee Katharine Gun, Oxfam aid worker Helen Evans and Hollywood actress Rose McGowan open the lid on what happens to women whistleblowers in When We Speak.",https://www.starz.com/us/en/movies/when-we-speak-67277
261,Cutting Edge: The Magic of Movie Editing,TV-PG,97 MINS,DOCUMENTARY,2004,"Kathy Bates, James Cameron, George Lucas","Top-flight Hollywood film editors reveal the secrets of the trade and how editing can make or break a movie. Film clips, interviews, and a unique hands-on session highlight the magic in this Starz Original production.",https://www.starz.com/us/en/movies/cutting-edge-the-magic-of-movie-editing-413
262,Midnight Movies,TV-14,86 MINS,"DOCUMENTARY, CULT",2005,"John Waters, David Lynch, George A. Romero","The history of 6 landmark cult films - ""The Rocky Horror Picture Show"", ""Eraserhead"", ""Pink Flamingos"", ""Night Of The Living Dead"" and more - is told through clips and director interviews. A Starz Originals Production.",https://www.starz.com/us/en/movies/midnight-movies-5659
263,Barbara Lee: Speaking Truth to Power,TV-14,83 MINS,DOCUMENTARY,2020,"Barbara Lee, Cory Booker, John Lewis","Paints a vivid and timely portrait of Congresswoman Barbara Lee, a steadfast voice for human rights, peace, and diplomacy in the U.S. Government.",https://www.starz.com/us/en/movies/barbara-lee-speaking-truth-to-power-64804
264,Lonesome Dove Church,TV-14,90 MINS,"WESTERN, DRAMA",2014,"Tom Berenger, Greyston Holt, Alex Zahara","A Texas preacher who dreams of building his own church puts his life on the line to save his son, an accused outlaw.",https://www.starz.com/us/en/movies/lonesome-dove-church-28984
265,Sierra,TV-G,82 MINS,WESTERN,1950,"Wanda Hendrix, Audie Murphy, Dean Jagger",A tomboy frontier lawyer finds an outlaw and his son hiding out from a false charge of murder.,https://www.starz.com/us/en/movies/sierra-48136
266,The Warrior's Way,R,100 MINS,"ACTION, MARTIAL ARTS",2010,"Kate Bosworth, Geoffrey Rush, Danny Huston","A fugitive assassin travels from the Far East to the Wild West, where he hides in a small town in the American badlands. While there, he teams up with a seasoned fighter and a circus-knife-thrower to settle old scores.",https://www.starz.com/us/en/movies/the-warriors-way-28587
267,The Shakiest Gun in the West,TV-PG,100 MINS,"WESTERN, COMEDY",1968,"Don Knotts, Barbara Rhoades, Jackie Coogan","Dentist leaves sedate, early 19th century Pennsylvania to set up practice on the western frontier. En route he gets involved with a lady bandit, turned federal agent, who's on a dangerous mission.",https://www.starz.com/us/en/movies/the-shakiest-gun-in-the-west-36215
268,Rooster Cogburn,PG,107 MINS,"WESTERN, COMEDY",1975,"John Wayne, Katharine Hepburn, Anthony Zerbe","The one-eyed, tough-as-nails lawman with ""true grit"" teams with a Bible-thumping spinster schoolmarm to bring the killers of her father to justice - and recover a load of explosive nitro in this action-comedy-western.",https://www.starz.com/us/en/movies/rooster-cogburn-37323
269,Santa Fe,TV-PG,87 MINS,WESTERN,1951,"Randolph Scott, Janis Carter, Jerome Courtland","After the Civil War, two brothers, once the best of friends, try to reconcile their differences that led them to fight on opposite sides in this stirring, emotional Western.",https://www.starz.com/us/en/movies/santa-fe-46325
270,The Great Northfield Minnesota Raid,PG,91 MINS,"WESTERN, TRUE STORY",1972,"Cliff Robertson, Robert Duvall, Luke Askew","The gangs of Jesse James and Cole Younger join forces for a bungled robbery of the bank in Northfield, Minnesota.",https://www.starz.com/us/en/movies/the-great-northfield-minnesota-raid-9547
271,Lonely Are The Brave,TV-PG,107 MINS,"WESTERN, LITERARY/BOOK BASED",1962,"Kirk Douglas, Gena Rowlands, Walter Matthau","A free-spirit cowboy escapes from jail and heads out on horseback for the mountains - but this is a new age, and the law uses modern technology in their manhunt.",https://www.starz.com/us/en/movies/lonely-are-the-brave-10798
272,Out of Liberty,PG,112 MINS,"DRAMA, WESTERN",2019,"Jasen Wade, Brandon Ray Olive, Casey Elliott","In the winter of 1839, a jailer is tasked with overseeing Missouri's most wanted men as they await trial.",https://www.starz.com/us/en/movies/out-of-liberty-68426
273,Ten Wanted Men,TV-PG,79 MINS,WESTERN,1955,"Randolph Scott, Richard Boone, Jocelyn Brando",Rival cattle ranchers become mortal enemies when a young woman seeks refuge with one man because she doesn't love the other - the spurned rancher hires ten gunslingers and proceeds to wreak havoc.,https://www.starz.com/us/en/movies/ten-wanted-men-46403
274,The Stranger Wore a Gun,TV-PG,82 MINS,WESTERN,1953,"Randolph Scott, Claire Trevor, Joan Weldon",A man whose life is saved by a bandit reluctantly joins in a conspiracy to loot the stage lines - and things get hairy when he decides to go straight.,https://www.starz.com/us/en/movies/the-stranger-wore-a-gun-46333
275,Winchester '73,TV-G,92 MINS,WESTERN,1950,"James Stewart, Shelley Winters, Dan Duryea","Lin McAdam wins a sharp-shooting contest and claims a Winchester rifle as a prize. When Dutch sneaks into McAdam's room and steals the weapon, McAdam chases Dutch across the state and toward an epic confrontation.",https://www.starz.com/us/en/movies/winchester-73-9553
276,Butch And Sundance: The Early Days,PG,111 MINS,"WESTERN, COMEDY",1979,"William Katt, Tom Berenger, Jill Eikenberry","""Prequel"" to the classic Newman-Redford western recounts the legend of the outlaw pair's meeting. Directed by Richard Lester (""Superman II"", ""A Hard Day's Night"").",https://www.starz.com/us/en/movies/butch-and-sundance-the-early-days-36076
277,Dead Birds,R,91 MINS,"HORROR, WESTERN",2004,"Henry Thomas, Patrick Fugit, Mark Boone Junior","After robbing a bank, a group of Confederate soldiers hole up in an abandoned plantation and soon find themselves at the mercy of supernatural forces.",https://www.starz.com/us/en/movies/dead-birds-65013
278,Gunfight in Abilene,TV-PG,85 MINS,WESTERN,1967,"Bobby Darin, Emily Banks, Leslie Nielsen","A sheriff, haunted by the accidental killing of his best friend, refuses to wear a gun. But when the brother of his best friend is murdered, the lawman must make a choice.",https://www.starz.com/us/en/movies/gunfight-in-abilene-29736
279,The Duel,R,110 MINS,"DRAMA, CRIME",2016,"Liam Hemsworth, Alice Braga, Emory Cohen",A Texas Ranger investigates a series of murders in an Old West town that's run by a former Confederate officer.,https://www.starz.com/us/en/movies/the-duel-70802
280,Drums Across The River,TV-14,78 MINS,WESTERN,1954,"Audie Murphy, Walter Brennan, Lyle Bettger","When white men hunger after the gold on Ute Native American land, a bigoted young man finds himself forced into a peacekeeping role.",https://www.starz.com/us/en/movies/drums-across-the-river-26241
281,Ned Kelly,R,109 MINS,"ACTION, HISTORICAL",2004,"Orlando Bloom, Heath Ledger, Naomi Watts",A clever outlaw leads his gang on a crime spree throughout 19th c. Australia to avenge the wrongful imprisonment of his mother and closest friends.,https://www.starz.com/us/en/movies/ned-kelly-26551
282,Cowgirls n' Angels,PG,91 MINS,"DRAMA, FAMILY",2012,"Bailee Madison, James Cromwell, Alicia Witt",A spunky twelve-year-old girl sets her sights on joining a team of female rodeo trick-riders - but first she must convince her mom that she's doing the right thing.,https://www.starz.com/us/en/movies/cowgirls-n-angels-41685
283,The Doolins Of Oklahoma,TV-PG,90 MINS,WESTERN,1949,"Randolph Scott, George Macready, Louise Allbritton","When his former gang forces him to resume leadership, Bill Doolin, trying to go straight, walks into lawmen's guns rather than risk bringing further unhappiness to his wife.",https://www.starz.com/us/en/movies/the-doolins-of-oklahoma-46218
284,The Tall T,TV-14,77 MINS,WESTERN,1957,"Randolph Scott, Richard Boone, Maureen O'Sullivan","An unlucky cowboy finds himself on a stage hijacked by an outlaw and his men, and things get worse when the crooks hold one of the passengers - a mine owner's daughter - for ransom.",https://www.starz.com/us/en/movies/the-tall-t-46390
285,The Last Sunset,TV-PG,112 MINS,WESTERN,1961,"Rock Hudson, Kirk Douglas, Dorothy Malone","Two enemies - a short-tempered outlaw and a haunted sheriff - find themselves working together on a cattle drive, with both trying to outwit the other in this intense story.",https://www.starz.com/us/en/movies/the-last-sunset-36527
286,Gold,TV-MA,98 MINS,"DRAMA, ADVENTURE",2013,"Nina Hoss, Marko Mandic, Peter Kurth","When British Columbia erupts in gold, a group of Germans travel to North America to claim a piece of the prize.",https://www.starz.com/us/en/movies/gold-68879
287,The Battle at Apache Pass,TV-14,85 MINS,WESTERN,1952,"John Lund, Jeff Chandler, Susan Cabot","When Cochise bands together with Geronimo and other Native American tribes, Major Colton abandons his fort, heading towards Fort Sheridan, through Apache Pass.",https://www.starz.com/us/en/movies/the-battle-at-apache-pass-31173
288,The Lawless Breed,TV-PG,82 MINS,WESTERN,1953,"Rock Hudson, Julia Adams, John McIntire","After being released from prison, former gun-fighter John Wesley Hardin hopes to have his autobiography published in order to rehabilitate his tarnished reputation.",https://www.starz.com/us/en/movies/the-lawless-breed-29221
289,Stars Over Texas,TV-PG,57 MINS,WESTERN,1946,"Eddie Dean, Roscoe Ates, Shirley Patterson",A cowhand exploits his uncanny resemblance to a ranch's endangered foreman to help corral a gang of thievin' cattle rustlers.,https://www.starz.com/us/en/movies/stars-over-texas-1661
290,The Proud Rebel,TV-PG,103 MINS,WESTERN,1958,"Alan Ladd, Olivia de Havilland, Dean Jagger","While on a search for a doctor, a Confederate veteran must help a small town woman save her ranch in return for her saving him from facing jail time.",https://www.starz.com/us/en/movies/the-proud-rebel-68404
291,Black Fox,TV-14,92 MINS,WESTERN,1995,"Christopher Reeve, Tony Todd, Raoul Trujillo","Two men - one white, the other Black, and as close as natural brothers - risk everything when they agree to negotiate with Indians who kidnapped women and children during a violent raid in Civil War Texas.",https://www.starz.com/us/en/movies/black-fox-189
